{
  "id": "",
  "name": "",
  "font_family": "iconfont",
  "css_prefix_text": "icon-",
  "description": "",
  "glyphs": [
    {
      "icon_id": "4437603",
      "name": "下箭头",
      "font_class": "xiajiantou",
      "unicode": "e615",
      "unicode_decimal": 58901
    },
    {
      "icon_id": "6227850",
      "name": "圆点",
      "font_class": "yuandian",
      "unicode": "e61a",
      "unicode_decimal": 58906
    },
    {
      "icon_id": "7962704",
      "name": "设置-右箭头",
      "font_class": "shezhi-youjiantou",
      "unicode": "e6aa",
      "unicode_decimal": 59050
    }
  ]
}
